team_ct_player1_is_alive,team_ct_player1_equipment_value,team_ct_player1_equipped_weapon,team_ct_player1_has_helmet,team_ct_player1_has_kevlar,team_ct_player1_hp,team_ct_player1_has_defuse_kit,team_ct_player2_is_alive,team_ct_player2_equipment_value,team_ct_player2_equipped_weapon,team_ct_player2_has_helmet,team_ct_player2_has_kevlar,team_ct_player2_hp,team_ct_player2_has_defuse_kit,team_ct_player3_is_alive,team_ct_player3_equipment_value,team_ct_player3_equipped_weapon,team_ct_player3_has_helmet,team_ct_player3_has_kevlar,team_ct_player3_hp,team_ct_player3_has_defuse_kit,team_ct_player4_is_alive,team_ct_player4_equipment_value,team_ct_player4_equipped_weapon,team_ct_player4_has_helmet,team_ct_player4_has_kevlar,team_ct_player4_hp,team_ct_player4_has_defuse_kit,team_ct_player5_is_alive,team_ct_player5_equipment_value,team_ct_player5_equipped_weapon,team_ct_player5_has_helmet,team_ct_player5_has_kevlar,team_ct_player5_hp,team_ct_player5_has_defuse_kit,team_t_player1_is_alive,team_t_player1_equipment_value,team_t_player1_equipped_weapon,team_t_player1_has_helmet,team_t_player1_has_kevlar,team_t_player1_hp,team_t_player2_is_alive,team_t_player2_equipment_value,team_t_player2_equipped_weapon,team_t_player2_has_helmet,team_t_player2_has_kevlar,team_t_player2_hp,team_t_player3_is_alive,team_t_player3_equipment_value,team_t_player3_equipped_weapon,team_t_player3_has_helmet,team_t_player3_has_kevlar,team_t_player3_hp,team_t_player4_is_alive,team_t_player4_equipment_value,team_t_player4_equipped_weapon,team_t_player4_has_helmet,team_t_player4_has_kevlar,team_t_player4_hp,team_t_player5_is_alive,team_t_player5_equipment_value,team_t_player5_equipped_weapon,team_t_player5_has_helmet,team_t_player5_has_kevlar,team_t_player5_hp,team_ct_wins_round,map_id,elapsed_since_bombplant,bombplant_site,round_number,round_of_half,rounds_per_half
False,850,Unknown,False,False,0,False,False,900,Unknown,False,False,0,False,True,900,USP,False,True,100,False,True,850,USP,False,True,54,False,True,1550,USP,False,True,100,True,True,850,Glock,False,True,74,False,950,Unknown,False,False,0,True,800,P250,False,False,100,False,700,Unknown,False,False,0,True,900,USP,False,True,85,True,de_mirage,1.001018,A,3,3,15
False,850,Unknown,False,False,0,False,False,900,Unknown,False,False,0,False,True,900,USP,False,True,100,False,True,850,USP,False,True,54,False,True,1550,USP,False,True,100,True,True,850,Glock,False,True,74,False,950,Unknown,False,False,0,True,800,P250,False,False,100,False,700,Unknown,False,False,0,True,900,USP,False,True,85,True,de_mirage,2.002035,A,3,3,15
False,850,Unknown,False,False,0,False,False,900,Unknown,False,False,0,False,True,900,USP,False,True,100,False,True,850,USP,False,True,54,False,True,1550,USP,False,True,100,True,True,850,Glock,False,True,74,False,950,Unknown,False,False,0,True,800,P250,False,False,100,False,700,Unknown,False,False,0,True,900,USP,False,True,85,True,de_mirage,3.003053,A,3,3,15
False,850,Unknown,False,False,0,False,False,900,Unknown,False,False,0,False,True,900,USP,False,True,82,False,True,850,USP,False,True,54,False,True,1550,USP,False,True,100,True,True,850,Glock,False,True,74,False,950,Unknown,False,False,0,True,800,P250,False,False,100,False,700,Unknown,False,False,0,True,900,USP,False,True,85,True,de_mirage,4.00407,A,3,3,15
False,850,Unknown,False,False,0,False,False,900,Unknown,False,False,0,False,True,900,USP,False,True,82,False,True,850,USP,False,True,54,False,True,1550,USP,False,True,100,True,True,850,Glock,False,True,74,False,950,Unknown,False,False,0,True,800,P250,False,False,100,False,700,Unknown,False,False,0,True,900,USP,False,True,85,True,de_mirage,5.005088,A,3,3,15
False,850,Unknown,False,False,0,False,False,900,Unknown,False,False,0,False,True,900,USP,False,True,82,False,True,850,USP,False,True,54,False,True,1550,USP,False,True,100,True,True,850,Glock,False,True,74,False,950,Unknown,False,False,0,True,800,P250,False,False,100,False,700,Unknown,False,False,0,True,900,USP,False,True,85,True,de_mirage,6.006105,A,3,3,15
False,850,Unknown,False,False,0,False,False,900,Unknown,False,False,0,False,True,900,USP,False,True,82,False,True,850,USP,False,True,54,False,True,1550,USP,False,True,100,True,True,850,Glock,False,True,74,False,950,Unknown,False,False,0,True,800,P250,False,False,100,False,700,Unknown,False,False,0,True,900,USP,False,True,85,True,de_mirage,7.007123,A,3,3,15
False,850,Unknown,False,False,0,False,False,900,Unknown,False,False,0,False,True,900,USP,False,True,82,False,True,850,USP,False,True,54,False,True,1550,USP,False,True,100,True,True,850,Glock,False,True,74,False,950,Unknown,False,False,0,True,800,P250,False,False,100,False,700,Unknown,False,False,0,True,900,USP,False,True,85,True,de_mirage,8.008141,A,3,3,15
False,850,Unknown,False,False,0,False,False,900,Unknown,False,False,0,False,True,900,USP,False,True,82,False,True,850,USP,False,True,54,False,True,1550,USP,False,True,100,True,True,850,Glock,False,True,74,False,950,Unknown,False,False,0,True,800,P250,False,False,100,False,700,Unknown,False,False,0,True,900,USP,False,True,85,True,de_mirage,9.009158,A,3,3,15
False,850,Unknown,False,False,0,False,False,900,Unknown,False,False,0,False,True,900,USP,False,True,82,False,True,850,USP,False,True,54,False,True,1550,USP,False,True,100,True,True,850,Glock,False,True,74,False,950,Unknown,False,False,0,True,800,P250,False,False,100,False,700,Unknown,False,False,0,True,900,USP,False,True,70,True,de_mirage,10.01018,A,3,3,15
False,850,Unknown,False,False,0,False,False,900,Unknown,False,False,0,False,True,900,USP,False,True,82,False,True,850,USP,False,True,54,False,True,1550,USP,False,True,100,True,True,850,Glock,False,True,74,False,950,Unknown,False,False,0,True,800,P250,False,False,100,False,700,Unknown,False,False,0,True,900,USP,False,True,70,True,de_mirage,11.01119,A,3,3,15
False,850,Unknown,False,False,0,False,False,900,Unknown,False,False,0,False,True,900,USP,False,True,82,False,True,850,USP,False,True,54,False,True,1550,Smoke,False,True,100,True,True,850,Glock,False,True,74,False,950,Unknown,False,False,0,True,800,Knife,False,False,100,False,700,Unknown,False,False,0,True,900,USP,False,True,70,True,de_mirage,12.01221,A,3,3,15
False,850,Unknown,False,False,0,False,False,900,Unknown,False,False,0,False,True,900,USP,False,True,82,False,True,850,USP,False,True,54,False,True,1550,Smoke,False,True,100,True,True,850,Glock,False,True,74,False,950,Unknown,False,False,0,True,800,P250,False,False,100,False,700,Unknown,False,False,0,True,900,USP,False,True,70,True,de_mirage,13.01323,A,3,3,15
False,850,Unknown,False,False,0,False,False,900,Unknown,False,False,0,False,True,900,USP,False,True,82,False,True,850,USP,False,True,54,False,True,1550,Knife,False,True,100,True,True,850,Glock,False,True,74,False,950,Unknown,False,False,0,True,800,P250,False,False,100,False,700,Unknown,False,False,0,True,900,USP,False,True,70,True,de_mirage,14.01425,A,3,3,15
False,850,Unknown,False,False,0,False,False,900,Unknown,False,False,0,False,True,900,USP,False,True,82,False,True,850,USP,False,True,54,False,True,1550,Knife,False,True,100,True,True,850,Glock,False,True,58,False,950,Unknown,False,False,0,True,800,P250,False,False,100,False,700,Unknown,False,False,0,True,900,USP,False,True,70,True,de_mirage,15.01526,A,3,3,15
False,850,Unknown,False,False,0,False,False,900,Unknown,False,False,0,False,True,900,USP,False,True,82,False,True,850,USP,False,True,54,False,True,1550,Knife,False,True,100,True,True,850,Glock,False,True,58,False,950,Unknown,False,False,0,True,800,P250,False,False,100,False,700,Unknown,False,False,0,True,900,USP,False,True,70,True,de_mirage,16.01628,A,3,3,15
False,850,Unknown,False,False,0,False,False,900,Unknown,False,False,0,False,True,900,USP,False,True,82,False,True,850,USP,False,True,54,False,True,1550,Knife,False,True,100,True,True,850,Glock,False,True,58,False,950,Unknown,False,False,0,True,800,P250,False,False,100,False,700,Unknown,False,False,0,False,900,Unknown,False,False,0,True,de_mirage,17.0173,A,3,3,15
False,850,Unknown,False,False,0,False,False,900,Unknown,False,False,0,False,True,900,USP,False,True,82,False,True,850,USP,False,True,54,False,True,1550,Knife,False,True,57,True,True,850,Glock,False,True,58,False,950,Unknown,False,False,0,True,800,P250,False,False,100,False,700,Unknown,False,False,0,False,900,Unknown,False,False,0,True,de_mirage,18.01832,A,3,3,15
False,850,Unknown,False,False,0,False,False,900,Unknown,False,False,0,False,True,900,USP,False,True,82,False,True,850,USP,False,True,54,False,True,1550,Knife,False,True,32,True,True,850,Glock,False,True,58,False,950,Unknown,False,False,0,False,800,Unknown,False,False,0,False,700,Unknown,False,False,0,False,900,Unknown,False,False,0,True,de_mirage,19.01933,A,3,3,15
False,4850,Unknown,False,False,0,False,False,5250,Unknown,False,False,0,False,False,4200,Unknown,False,False,0,False,True,5200,M4A4,True,True,100,True,False,6450,Unknown,False,False,0,False,False,5600,Unknown,False,False,0,False,4100,Unknown,False,False,0,False,3900,Unknown,False,False,0,True,3900,Gallil,True,True,7,True,3900,AK47,True,True,48,True,de_mirage,0.9228131,A,5,5,15
False,4850,Unknown,False,False,0,False,False,5250,Unknown,False,False,0,False,False,4200,Unknown,False,False,0,False,True,5200,M4A4,True,True,100,True,False,6450,Unknown,False,False,0,False,False,5600,Unknown,False,False,0,False,4100,Unknown,False,False,0,False,3900,Unknown,False,False,0,True,3900,Gallil,True,True,7,True,3900,AK47,True,True,48,True,de_mirage,1.923831,A,5,5,15
False,4850,Unknown,False,False,0,False,False,5250,Unknown,False,False,0,False,False,4200,Unknown,False,False,0,False,True,5200,M4A4,True,True,100,True,False,6450,Unknown,False,False,0,False,False,5600,Unknown,False,False,0,False,4100,Unknown,False,False,0,False,3900,Unknown,False,False,0,True,3900,Gallil,True,True,7,True,3900,AK47,True,True,48,True,de_mirage,2.924848,A,5,5,15
False,4850,Unknown,False,False,0,False,False,5250,Unknown,False,False,0,False,False,4200,Unknown,False,False,0,False,True,5200,M4A4,True,True,73,True,False,6450,Unknown,False,False,0,False,False,5600,Unknown,False,False,0,False,4100,Unknown,False,False,0,False,3900,Unknown,False,False,0,True,3900,Gallil,True,True,7,False,3900,Unknown,False,False,0,True,de_mirage,3.925866,A,5,5,15
False,4850,Unknown,False,False,0,False,False,5250,Unknown,False,False,0,False,False,4200,Unknown,False,False,0,False,True,5200,M4A4,True,True,73,True,False,6450,Unknown,False,False,0,False,False,5600,Unknown,False,False,0,False,4100,Unknown,False,False,0,False,3900,Unknown,False,False,0,True,3900,Gallil,True,True,7,False,3900,Unknown,False,False,0,True,de_mirage,4.926883,A,5,5,15
False,4850,Unknown,False,False,0,False,False,5250,Unknown,False,False,0,False,False,4200,Unknown,False,False,0,False,True,5200,M4A4,True,True,73,True,False,6450,Unknown,False,False,0,False,False,5600,Unknown,False,False,0,False,4100,Unknown,False,False,0,False,3900,Unknown,False,False,0,False,3900,Unknown,False,False,0,False,3900,Unknown,False,False,0,True,de_mirage,5.927901,A,5,5,15
False,4850,Unknown,False,False,0,False,False,5250,Unknown,False,False,0,False,False,4200,Unknown,False,False,0,False,True,5200,M4A4,True,True,73,True,False,6450,Unknown,False,False,0,False,False,5600,Unknown,False,False,0,False,4100,Unknown,False,False,0,False,3900,Unknown,False,False,0,False,3900,Unknown,False,False,0,False,3900,Unknown,False,False,0,True,de_mirage,6.928918,A,5,5,15
False,4850,Unknown,False,False,0,False,False,5250,Unknown,False,False,0,False,False,4200,Unknown,False,False,0,False,True,5200,Knife,True,True,73,True,False,6450,Unknown,False,False,0,False,False,5600,Unknown,False,False,0,False,4100,Unknown,False,False,0,False,3900,Unknown,False,False,0,False,3900,Unknown,False,False,0,False,3900,Unknown,False,False,0,True,de_mirage,7.929936,A,5,5,15
False,4850,Unknown,False,False,0,False,False,5250,Unknown,False,False,0,False,False,4200,Unknown,False,False,0,False,True,5200,Knife,True,True,73,True,False,6450,Unknown,False,False,0,False,False,5600,Unknown,False,False,0,False,4100,Unknown,False,False,0,False,3900,Unknown,False,False,0,False,3900,Unknown,False,False,0,False,3900,Unknown,False,False,0,True,de_mirage,8.930953,A,5,5,15
False,4850,Unknown,False,False,0,False,False,5250,Unknown,False,False,0,False,False,4200,Unknown,False,False,0,False,True,5200,Knife,True,True,73,True,False,6450,Unknown,False,False,0,False,False,5600,Unknown,False,False,0,False,4100,Unknown,False,False,0,False,3900,Unknown,False,False,0,False,3900,Unknown,False,False,0,False,3900,Unknown,False,False,0,True,de_mirage,9.931971,A,5,5,15
False,4850,Unknown,False,False,0,False,False,5250,Unknown,False,False,0,False,False,4200,Unknown,False,False,0,False,True,5200,Knife,True,True,73,True,False,6450,Unknown,False,False,0,False,False,5600,Unknown,False,False,0,False,4100,Unknown,False,False,0,False,3900,Unknown,False,False,0,False,3900,Unknown,False,False,0,False,3900,Unknown,False,False,0,True,de_mirage,10.93299,A,5,5,15
False,4850,Unknown,False,False,0,False,False,5250,Unknown,False,False,0,False,False,4200,Unknown,False,False,0,False,True,5200,Knife,True,True,73,True,False,6450,Unknown,False,False,0,False,False,5600,Unknown,False,False,0,False,4100,Unknown,False,False,0,False,3900,Unknown,False,False,0,False,3900,Unknown,False,False,0,False,3900,Unknown,False,False,0,True,de_mirage,11.93401,A,5,5,15
False,4850,Unknown,False,False,0,False,False,5250,Unknown,False,False,0,False,False,4200,Unknown,False,False,0,False,True,6850,Knife,True,True,73,True,False,6450,Unknown,False,False,0,False,False,5600,Unknown,False,False,0,False,4100,Unknown,False,False,0,False,3900,Unknown,False,False,0,False,3900,Unknown,False,False,0,False,3900,Unknown,False,False,0,True,de_mirage,12.93502,A,5,5,15
False,4850,Unknown,False,False,0,False,False,5250,Unknown,False,False,0,False,False,4200,Unknown,False,False,0,False,True,6850,Knife,True,True,73,True,False,6450,Unknown,False,False,0,False,False,5600,Unknown,False,False,0,False,4100,Unknown,False,False,0,False,3900,Unknown,False,False,0,False,3900,Unknown,False,False,0,False,3900,Unknown,False,False,0,True,de_mirage,13.93604,A,5,5,15
False,4850,Unknown,False,False,0,False,False,5250,Unknown,False,False,0,False,False,4200,Unknown,False,False,0,False,True,6850,Knife,True,True,73,True,False,6450,Unknown,False,False,0,False,False,5600,Unknown,False,False,0,False,4100,Unknown,False,False,0,False,3900,Unknown,False,False,0,False,3900,Unknown,False,False,0,False,3900,Unknown,False,False,0,True,de_mirage,14.93706,A,5,5,15
False,4850,Unknown,False,False,0,False,False,5250,Unknown,False,False,0,False,False,4200,Unknown,False,False,0,False,True,6850,Knife,True,True,73,True,False,6450,Unknown,False,False,0,False,False,5600,Unknown,False,False,0,False,4100,Unknown,False,False,0,False,3900,Unknown,False,False,0,False,3900,Unknown,False,False,0,False,3900,Unknown,False,False,0,True,de_mirage,15.93808,A,5,5,15
False,4850,Unknown,False,False,0,False,False,5250,Unknown,False,False,0,False,False,4200,Unknown,False,False,0,False,True,6850,Knife,True,True,73,True,False,6450,Unknown,False,False,0,False,False,5600,Unknown,False,False,0,False,4100,Unknown,False,False,0,False,3900,Unknown,False,False,0,False,3900,Unknown,False,False,0,False,3900,Unknown,False,False,0,True,de_mirage,16.93909,A,5,5,15
False,4850,Unknown,False,False,0,False,False,5250,Unknown,False,False,0,False,False,4200,Unknown,False,False,0,False,True,6850,Knife,True,True,73,True,False,6450,Unknown,False,False,0,False,False,5600,Unknown,False,False,0,False,4100,Unknown,False,False,0,False,3900,Unknown,False,False,0,False,3900,Unknown,False,False,0,False,3900,Unknown,False,False,0,True,de_mirage,17.94011,A,5,5,15
False,4850,Unknown,False,False,0,False,False,5250,Unknown,False,False,0,False,False,4200,Unknown,False,False,0,False,True,7050,Flash,True,True,73,True,False,6450,Unknown,False,False,0,False,False,5600,Unknown,False,False,0,False,4100,Unknown,False,False,0,False,3900,Unknown,False,False,0,False,3900,Unknown,False,False,0,False,3900,Unknown,False,False,0,True,de_mirage,18.94113,A,5,5,15
False,4850,Unknown,False,False,0,False,False,5250,Unknown,False,False,0,False,False,4200,Unknown,False,False,0,False,True,7050,Flash,True,True,73,True,False,6450,Unknown,False,False,0,False,False,5600,Unknown,False,False,0,False,4100,Unknown,False,False,0,False,3900,Unknown,False,False,0,False,3900,Unknown,False,False,0,False,3900,Unknown,False,False,0,True,de_mirage,19.94215,A,5,5,15
False,4850,Unknown,False,False,0,False,False,5250,Unknown,False,False,0,False,False,4200,Unknown,False,False,0,False,True,7050,Flash,True,True,73,True,False,6450,Unknown,False,False,0,False,False,5600,Unknown,False,False,0,False,4100,Unknown,False,False,0,False,3900,Unknown,False,False,0,False,3900,Unknown,False,False,0,False,3900,Unknown,False,False,0,True,de_mirage,20.94316,A,5,5,15
False,4850,Unknown,False,False,0,False,False,5250,Unknown,False,False,0,False,False,4200,Unknown,False,False,0,False,True,7050,Knife,True,True,73,True,False,6450,Unknown,False,False,0,False,False,5600,Unknown,False,False,0,False,4100,Unknown,False,False,0,False,3900,Unknown,False,False,0,False,3900,Unknown,False,False,0,False,3900,Unknown,False,False,0,True,de_mirage,21.94418,A,5,5,15
False,4850,Unknown,False,False,0,False,False,5250,Unknown,False,False,0,False,False,4200,Unknown,False,False,0,False,True,7050,Knife,True,True,73,True,False,6450,Unknown,False,False,0,False,False,5600,Unknown,False,False,0,False,4100,Unknown,False,False,0,False,3900,Unknown,False,False,0,False,3900,Unknown,False,False,0,False,3900,Unknown,False,False,0,True,de_mirage,22.9452,A,5,5,15
False,4850,Unknown,False,False,0,False,False,5250,Unknown,False,False,0,False,False,4200,Unknown,False,False,0,False,True,7050,Knife,True,True,73,True,False,6450,Unknown,False,False,0,False,False,5600,Unknown,False,False,0,False,4100,Unknown,False,False,0,False,3900,Unknown,False,False,0,False,3900,Unknown,False,False,0,False,3900,Unknown,False,False,0,True,de_mirage,23.94622,A,5,5,15
False,4850,Unknown,False,False,0,False,False,5250,Unknown,False,False,0,False,False,4200,Unknown,False,False,0,False,True,7050,Knife,True,True,73,True,False,6450,Unknown,False,False,0,False,False,5600,Unknown,False,False,0,False,4100,Unknown,False,False,0,False,3900,Unknown,False,False,0,False,3900,Unknown,False,False,0,False,3900,Unknown,False,False,0,True,de_mirage,24.94723,A,5,5,15
False,4850,Unknown,False,False,0,False,False,5250,Unknown,False,False,0,False,False,4200,Unknown,False,False,0,False,True,7050,Knife,True,True,73,True,False,6450,Unknown,False,False,0,False,False,5600,Unknown,False,False,0,False,4100,Unknown,False,False,0,False,3900,Unknown,False,False,0,False,3900,Unknown,False,False,0,False,3900,Unknown,False,False,0,True,de_mirage,25.94825,A,5,5,15
False,4850,Unknown,False,False,0,False,False,5250,Unknown,False,False,0,False,False,4200,Unknown,False,False,0,False,True,7050,Knife,True,True,73,True,False,6450,Unknown,False,False,0,False,False,5600,Unknown,False,False,0,False,4100,Unknown,False,False,0,False,3900,Unknown,False,False,0,False,3900,Unknown,False,False,0,False,3900,Unknown,False,False,0,True,de_mirage,26.94927,A,5,5,15
False,4850,Unknown,False,False,0,False,False,5250,Unknown,False,False,0,False,False,4200,Unknown,False,False,0,False,True,7050,Knife,True,True,73,True,False,6450,Unknown,False,False,0,False,False,5600,Unknown,False,False,0,False,4100,Unknown,False,False,0,False,3900,Unknown,False,False,0,False,3900,Unknown,False,False,0,False,3900,Unknown,False,False,0,True,de_mirage,27.95029,A,5,5,15
False,4850,Unknown,False,False,0,False,False,5250,Unknown,False,False,0,False,False,4200,Unknown,False,False,0,False,True,7050,Knife,True,True,73,True,False,6450,Unknown,False,False,0,False,False,5600,Unknown,False,False,0,False,4100,Unknown,False,False,0,False,3900,Unknown,False,False,0,False,3900,Unknown,False,False,0,False,3900,Unknown,False,False,0,True,de_mirage,28.9513,A,5,5,15
False,4850,Unknown,False,False,0,False,False,5250,Unknown,False,False,0,False,False,4200,Unknown,False,False,0,False,True,7050,Knife,True,True,73,True,False,6450,Unknown,False,False,0,False,False,5600,Unknown,False,False,0,False,4100,Unknown,False,False,0,False,3900,Unknown,False,False,0,False,3900,Unknown,False,False,0,False,3900,Unknown,False,False,0,True,de_mirage,29.95232,A,5,5,15
False,4850,Unknown,False,False,0,False,False,5250,Unknown,False,False,0,False,False,4200,Unknown,False,False,0,False,True,7050,Knife,True,True,73,True,False,6450,Unknown,False,False,0,False,False,5600,Unknown,False,False,0,False,4100,Unknown,False,False,0,False,3900,Unknown,False,False,0,False,3900,Unknown,False,False,0,False,3900,Unknown,False,False,0,True,de_mirage,30.95334,A,5,5,15
False,4850,Unknown,False,False,0,False,False,5250,Unknown,False,False,0,False,False,4200,Unknown,False,False,0,False,True,7050,Knife,True,True,73,True,False,6450,Unknown,False,False,0,False,False,5600,Unknown,False,False,0,False,4100,Unknown,False,False,0,False,3900,Unknown,False,False,0,False,3900,Unknown,False,False,0,False,3900,Unknown,False,False,0,True,de_mirage,31.95436,A,5,5,15
False,4850,Unknown,False,False,0,False,False,5250,Unknown,False,False,0,False,False,4200,Unknown,False,False,0,False,True,7050,Knife,True,True,73,True,False,6450,Unknown,False,False,0,False,False,5600,Unknown,False,False,0,False,4100,Unknown,False,False,0,False,3900,Unknown,False,False,0,False,3900,Unknown,False,False,0,False,3900,Unknown,False,False,0,True,de_mirage,32.95538,A,5,5,15
False,6100,Unknown,False,False,0,False,False,7400,Unknown,False,False,0,False,False,4500,Unknown,False,False,0,False,True,6400,Knife,True,True,100,True,True,6100,M4A4,True,True,100,True,True,6150,AWP,True,True,100,False,5000,Unknown,False,False,0,False,4600,Unknown,False,False,0,True,4500,AK47,True,True,100,False,5000,Unknown,False,False,0,False,de_mirage,0.4848679,A,7,7,15
False,6100,Unknown,False,False,0,False,False,7400,Unknown,False,False,0,False,False,4500,Unknown,False,False,0,False,True,6400,Knife,True,True,100,True,True,6100,Knife,True,True,100,True,True,6150,AWP,True,True,100,False,5000,Unknown,False,False,0,False,4600,Unknown,False,False,0,True,4500,AK47,True,True,100,False,5000,Unknown,False,False,0,False,de_mirage,1.485885,A,7,7,15
False,6100,Unknown,False,False,0,False,False,7400,Unknown,False,False,0,False,False,4500,Unknown,False,False,0,False,True,6400,Knife,True,True,100,True,True,6100,M4A4,True,True,100,True,True,6150,AWP,True,True,100,False,5000,Unknown,False,False,0,False,4600,Unknown,False,False,0,True,4500,AK47,True,True,100,False,5000,Unknown,False,False,0,False,de_mirage,2.486903,A,7,7,15
False,6100,Unknown,False,False,0,False,False,7400,Unknown,False,False,0,False,False,4500,Unknown,False,False,0,False,True,6400,Knife,True,True,100,True,True,6100,M4A4,True,True,100,True,True,6150,AWP,True,True,100,False,5000,Unknown,False,False,0,False,4600,Unknown,False,False,0,True,4500,AK47,True,True,100,False,5000,Unknown,False,False,0,False,de_mirage,3.487921,A,7,7,15
False,6100,Unknown,False,False,0,False,False,7400,Unknown,False,False,0,False,False,4500,Unknown,False,False,0,False,True,6400,M4A4,True,True,100,True,True,6100,M4A4,True,True,100,True,True,6150,AWP,True,True,100,False,5000,Unknown,False,False,0,False,4600,Unknown,False,False,0,True,4500,AK47,True,True,100,False,5000,Unknown,False,False,0,False,de_mirage,4.488938,A,7,7,15
False,6100,Unknown,False,False,0,False,False,7400,Unknown,False,False,0,False,False,4500,Unknown,False,False,0,False,True,6400,Knife,True,True,100,True,True,6100,M4A4,True,True,100,True,True,6150,AWP,True,True,100,False,5000,Unknown,False,False,0,False,4600,Unknown,False,False,0,True,4500,AK47,True,True,100,False,5000,Unknown,False,False,0,False,de_mirage,5.489955,A,7,7,15
False,6100,Unknown,False,False,0,False,False,7400,Unknown,False,False,0,False,False,4500,Unknown,False,False,0,False,True,6400,CZ,True,True,100,True,True,6100,M4A4,True,True,100,True,True,6150,AWP,True,True,100,False,5000,Unknown,False,False,0,False,4600,Unknown,False,False,0,True,4500,AK47,True,True,100,False,5000,Unknown,False,False,0,False,de_mirage,6.490973,A,7,7,15
False,6100,Unknown,False,False,0,False,False,7400,Unknown,False,False,0,False,False,4500,Unknown,False,False,0,False,True,6400,CZ,True,True,100,True,True,6100,M4A4,True,True,100,True,True,6150,AWP,True,True,100,False,5000,Unknown,False,False,0,False,4600,Unknown,False,False,0,True,4500,AK47,True,True,100,False,5000,Unknown,False,False,0,False,de_mirage,7.491991,A,7,7,15
False,6100,Unknown,False,False,0,False,False,7400,Unknown,False,False,0,False,False,4500,Unknown,False,False,0,False,True,6400,CZ,True,True,100,True,True,6100,M4A4,True,True,100,True,True,6150,AWP,True,True,100,False,5000,Unknown,False,False,0,False,4600,Unknown,False,False,0,True,4500,AK47,True,True,100,False,5000,Unknown,False,False,0,False,de_mirage,8.493008,A,7,7,15
False,6100,Unknown,False,False,0,False,False,7400,Unknown,False,False,0,False,False,4500,Unknown,False,False,0,False,True,6400,CZ,True,True,100,True,True,6100,M4A4,True,True,100,True,True,6150,AWP,True,True,100,False,5000,Unknown,False,False,0,False,4600,Unknown,False,False,0,True,4500,AK47,True,True,100,False,5000,Unknown,False,False,0,False,de_mirage,9.494025,A,7,7,15
False,6100,Unknown,False,False,0,False,False,7400,Unknown,False,False,0,False,False,4500,Unknown,False,False,0,False,True,6400,CZ,True,True,100,True,True,6100,M4A4,True,True,100,True,True,6150,AWP,True,True,100,False,5000,Unknown,False,False,0,False,4600,Unknown,False,False,0,True,4500,AK47,True,True,100,False,5000,Unknown,False,False,0,False,de_mirage,10.49504,A,7,7,15
False,6100,Unknown,False,False,0,False,False,7400,Unknown,False,False,0,False,False,4500,Unknown,False,False,0,False,True,6400,CZ,True,True,100,True,True,6100,M4A4,True,True,100,True,True,6150,AWP,True,True,100,False,5000,Unknown,False,False,0,False,4600,Unknown,False,False,0,True,4500,AK47,True,True,100,False,5000,Unknown,False,False,0,False,de_mirage,11.49606,A,7,7,15
False,6100,Unknown,False,False,0,False,False,7400,Unknown,False,False,0,False,False,4500,Unknown,False,False,0,False,True,6400,CZ,True,True,100,True,True,6100,M4A4,True,True,100,True,True,6150,AWP,True,True,100,False,5000,Unknown,False,False,0,False,4600,Unknown,False,False,0,True,4500,AK47,True,True,100,False,5000,Unknown,False,False,0,False,de_mirage,12.49708,A,7,7,15
False,6100,Unknown,False,False,0,False,False,7400,Unknown,False,False,0,False,False,4500,Unknown,False,False,0,False,True,6400,CZ,True,True,100,True,True,6100,M4A4,True,True,100,True,True,6150,AWP,True,True,100,False,5000,Unknown,False,False,0,False,4600,Unknown,False,False,0,True,4500,AK47,True,True,100,False,5000,Unknown,False,False,0,False,de_mirage,13.4981,A,7,7,15
False,6100,Unknown,False,False,0,False,False,7400,Unknown,False,False,0,False,False,4500,Unknown,False,False,0,False,True,6400,CZ,True,True,100,True,True,6100,M4A4,True,True,100,True,True,6150,AWP,True,True,100,False,5000,Unknown,False,False,0,False,4600,Unknown,False,False,0,True,4500,AK47,True,True,100,False,5000,Unknown,False,False,0,False,de_mirage,14.49911,A,7,7,15
False,6100,Unknown,False,False,0,False,False,7400,Unknown,False,False,0,False,False,4500,Unknown,False,False,0,False,True,6400,CZ,True,True,100,True,True,6100,M4A4,True,True,100,True,True,6150,AWP,True,True,100,False,5000,Unknown,False,False,0,False,4600,Unknown,False,False,0,True,4500,AK47,True,True,100,False,5000,Unknown,False,False,0,False,de_mirage,15.50013,A,7,7,15
False,6100,Unknown,False,False,0,False,False,7400,Unknown,False,False,0,False,False,4500,Unknown,False,False,0,False,True,6400,CZ,True,True,100,True,True,6100,M4A4,True,True,100,True,True,6150,AWP,True,True,100,False,5000,Unknown,False,False,0,False,4600,Unknown,False,False,0,True,4500,AK47,True,True,100,False,5000,Unknown,False,False,0,False,de_mirage,16.50115,A,7,7,15
False,6100,Unknown,False,False,0,False,False,7400,Unknown,False,False,0,False,False,4500,Unknown,False,False,0,False,True,6400,CZ,True,True,100,True,True,6100,M4A4,True,True,100,True,True,6150,AWP,True,True,100,False,5000,Unknown,False,False,0,False,4600,Unknown,False,False,0,True,4500,AK47,True,True,100,False,5000,Unknown,False,False,0,False,de_mirage,17.50217,A,7,7,15
False,6100,Unknown,False,False,0,False,False,7400,Unknown,False,False,0,False,False,4500,Unknown,False,False,0,False,True,6400,CZ,True,True,100,True,True,6100,M4A4,True,True,100,True,True,6150,AWP,True,True,100,False,5000,Unknown,False,False,0,False,4600,Unknown,False,False,0,True,4500,AK47,True,True,100,False,5000,Unknown,False,False,0,False,de_mirage,18.50318,A,7,7,15
False,6100,Unknown,False,False,0,False,False,7400,Unknown,False,False,0,False,False,4500,Unknown,False,False,0,False,True,6400,CZ,True,True,100,True,True,6100,M4A4,True,True,100,True,True,6150,AWP,True,True,100,False,5000,Unknown,False,False,0,False,4600,Unknown,False,False,0,True,4500,AK47,True,True,100,False,5000,Unknown,False,False,0,False,de_mirage,19.5042,A,7,7,15
False,6100,Unknown,False,False,0,False,False,7400,Unknown,False,False,0,False,False,4500,Unknown,False,False,0,False,True,6400,CZ,True,True,100,True,True,6100,M4A4,True,True,100,True,True,6150,AWP,True,True,100,False,5000,Unknown,False,False,0,False,4600,Unknown,False,False,0,True,4500,AK47,True,True,100,False,5000,Unknown,False,False,0,False,de_mirage,20.50522,A,7,7,15
False,6100,Unknown,False,False,0,False,False,7400,Unknown,False,False,0,False,False,4500,Unknown,False,False,0,False,True,6400,CZ,True,True,100,True,True,6100,M4A4,True,True,100,True,True,6150,AWP,True,True,100,False,5000,Unknown,False,False,0,False,4600,Unknown,False,False,0,True,4500,AK47,True,True,100,False,5000,Unknown,False,False,0,False,de_mirage,21.50624,A,7,7,15
False,6100,Unknown,False,False,0,False,False,7400,Unknown,False,False,0,False,False,4500,Unknown,False,False,0,False,True,6400,M4A4,True,True,100,True,True,6100,M4A4,True,True,100,True,True,6150,AWP,True,True,100,False,5000,Unknown,False,False,0,False,4600,Unknown,False,False,0,True,4500,AK47,True,True,100,False,5000,Unknown,False,False,0,False,de_mirage,22.50725,A,7,7,15
False,6100,Unknown,False,False,0,False,False,7400,Unknown,False,False,0,False,False,4500,Unknown,False,False,0,False,True,6400,M4A4,True,True,100,True,True,6100,M4A4,True,True,100,True,True,6150,AWP,True,True,100,False,5000,Unknown,False,False,0,False,4600,Unknown,False,False,0,True,4500,AK47,True,True,100,False,5000,Unknown,False,False,0,False,de_mirage,23.50827,A,7,7,15
False,6100,Unknown,False,False,0,False,False,7400,Unknown,False,False,0,False,False,4500,Unknown,False,False,0,False,True,6400,M4A4,True,True,100,True,True,6100,M4A4,True,True,100,True,True,6150,AWP,True,True,100,False,5000,Unknown,False,False,0,False,4600,Unknown,False,False,0,True,4500,AK47,True,True,100,False,5000,Unknown,False,False,0,False,de_mirage,24.50929,A,7,7,15
False,6100,Unknown,False,False,0,False,False,7400,Unknown,False,False,0,False,False,4500,Unknown,False,False,0,False,True,6400,M4A4,True,True,100,True,True,6100,M4A4,True,True,100,True,True,6150,AWP,True,True,100,False,5000,Unknown,False,False,0,False,4600,Unknown,False,False,0,True,4500,AK47,True,True,100,False,5000,Unknown,False,False,0,False,de_mirage,25.51031,A,7,7,15
False,6100,Unknown,False,False,0,False,False,7400,Unknown,False,False,0,False,False,4500,Unknown,False,False,0,False,False,6400,Unknown,False,False,0,False,True,6100,M4A4,True,True,100,True,True,6150,AWP,True,True,100,False,5000,Unknown,False,False,0,False,4600,Unknown,False,False,0,True,4500,AK47,True,True,100,False,5000,Unknown,False,False,0,False,de_mirage,26.51132,A,7,7,15
False,6100,Unknown,False,False,0,False,False,7400,Unknown,False,False,0,False,False,4500,Unknown,False,False,0,False,False,6400,Unknown,False,False,0,False,True,5000,M4A4,True,True,100,True,True,6150,AWP,True,True,100,False,5000,Unknown,False,False,0,False,4600,Unknown,False,False,0,True,4500,AK47,True,True,100,False,5000,Unknown,False,False,0,False,de_mirage,27.51234,A,7,7,15
False,6100,Unknown,False,False,0,False,False,7400,Unknown,False,False,0,False,False,4500,Unknown,False,False,0,False,False,6400,Unknown,False,False,0,False,True,5000,M4A4,True,True,100,True,True,6150,AWP,True,True,100,False,5000,Unknown,False,False,0,False,4600,Unknown,False,False,0,True,4500,AK47,True,True,100,False,5000,Unknown,False,False,0,False,de_mirage,28.51336,A,7,7,15
False,6100,Unknown,False,False,0,False,False,7400,Unknown,False,False,0,False,False,4500,Unknown,False,False,0,False,False,6400,Unknown,False,False,0,False,True,5000,M4A4,True,True,100,True,True,6150,AWP,True,True,100,False,5000,Unknown,False,False,0,False,4600,Unknown,False,False,0,True,4500,AK47,True,True,100,False,5000,Unknown,False,False,0,False,de_mirage,29.51438,A,7,7,15
False,6100,Unknown,False,False,0,False,False,7400,Unknown,False,False,0,False,False,4500,Unknown,False,False,0,False,False,6400,Unknown,False,False,0,False,True,5000,HE,True,True,100,True,True,6150,Knife,True,True,100,False,5000,Unknown,False,False,0,False,4600,Unknown,False,False,0,True,4500,AK47,True,True,100,False,5000,Unknown,False,False,0,False,de_mirage,30.51539,A,7,7,15
False,6100,Unknown,False,False,0,False,False,7400,Unknown,False,False,0,False,False,4500,Unknown,False,False,0,False,False,6400,Unknown,False,False,0,False,True,5000,M4A4,True,True,100,True,True,6150,Knife,True,True,100,False,5000,Unknown,False,False,0,False,4600,Unknown,False,False,0,True,4500,AK47,True,True,100,False,5000,Unknown,False,False,0,False,de_mirage,31.51641,A,7,7,15
False,6100,Unknown,False,False,0,False,False,7400,Unknown,False,False,0,False,False,4500,Unknown,False,False,0,False,False,6400,Unknown,False,False,0,False,True,5000,M4A4,True,True,100,True,True,6150,Knife,True,True,100,False,5000,Unknown,False,False,0,False,4600,Unknown,False,False,0,True,4500,AK47,True,True,100,False,5000,Unknown,False,False,0,False,de_mirage,32.51743,A,7,7,15
False,6100,Unknown,False,False,0,False,False,7400,Unknown,False,False,0,False,False,4500,Unknown,False,False,0,False,False,6400,Unknown,False,False,0,False,True,5000,M4A4,True,True,100,True,True,6150,AWP,True,True,100,False,5000,Unknown,False,False,0,False,4600,Unknown,False,False,0,True,4500,AK47,True,True,100,False,5000,Unknown,False,False,0,False,de_mirage,33.51845,A,7,7,15
False,6100,Unknown,False,False,0,False,False,7400,Unknown,False,False,0,False,False,4500,Unknown,False,False,0,False,False,6400,Unknown,False,False,0,False,True,5000,M4A4,True,True,100,True,True,6150,AWP,True,True,100,False,5000,Unknown,False,False,0,False,4600,Unknown,False,False,0,True,4500,AK47,True,True,100,False,5000,Unknown,False,False,0,False,de_mirage,34.51946,A,7,7,15
False,2450,Unknown,False,False,0,False,True,4450,M4A4,False,True,100,False,False,1650,Unknown,False,False,0,False,True,2200,Deagle,True,True,100,False,True,2100,CZ,True,True,100,False,True,6650,AWP,True,True,100,True,5000,AK47,True,True,6,True,5000,AK47,True,True,100,True,5000,AK47,True,True,100,True,3900,AK47,True,True,38,False,de_mirage,0.2502544,A,8,8,15
False,2450,Unknown,False,False,0,False,True,4450,M4A4,False,True,73,False,False,1650,Unknown,False,False,0,False,True,2200,Deagle,True,True,100,False,True,2100,CZ,True,True,100,False,True,6650,AWP,True,True,100,True,5000,AK47,True,True,6,True,5000,AK47,True,True,100,True,5000,AK47,True,True,100,True,3900,AK47,True,True,38,False,de_mirage,1.251272,A,8,8,15
False,2450,Unknown,False,False,0,False,True,4450,M4A4,False,True,73,False,False,1650,Unknown,False,False,0,False,True,2200,Deagle,True,True,100,False,True,2100,HE,True,True,100,False,True,6650,AWP,True,True,100,False,5000,Unknown,False,False,0,True,5000,AK47,True,True,100,True,5000,AK47,True,True,100,True,3900,AK47,True,True,38,False,de_mirage,2.25229,A,8,8,15
False,2450,Unknown,False,False,0,False,True,4450,M4A4,False,True,73,False,False,1650,Unknown,False,False,0,False,True,2200,Deagle,True,True,48,False,True,2100,CZ,True,True,100,False,True,6650,AWP,True,True,100,False,5000,Unknown,False,False,0,True,5000,AK47,True,True,100,True,5000,Molotov,True,True,100,True,3900,AK47,True,True,38,False,de_mirage,3.253307,A,8,8,15
False,2450,Unknown,False,False,0,False,True,4450,M4A4,False,True,73,False,False,1650,Unknown,False,False,0,False,True,2200,Deagle,True,True,48,False,True,2100,CZ,True,True,75,False,True,6650,AWP,True,True,100,False,5000,Unknown,False,False,0,True,5000,AK47,True,True,100,True,5000,Molotov,True,True,100,True,3900,AK47,True,True,38,False,de_mirage,4.254324,A,8,8,15
False,2450,Unknown,False,False,0,False,True,4450,M4A4,False,True,73,False,False,1650,Unknown,False,False,0,False,True,2200,Deagle,True,True,48,False,True,2100,CZ,True,True,75,False,True,6650,Glock,True,True,100,False,5000,Unknown,False,False,0,True,5000,AK47,True,True,100,True,5000,AK47,True,True,73,True,3900,AK47,True,True,38,False,de_mirage,5.255342,A,8,8,15
False,2450,Unknown,False,False,0,False,True,4450,M4A4,False,True,73,False,False,1650,Unknown,False,False,0,False,True,2200,Knife,True,True,48,False,True,2100,CZ,True,True,75,False,True,6650,AWP,True,True,100,False,5000,Unknown,False,False,0,True,5000,AK47,True,True,100,True,5000,AK47,True,True,73,True,3900,AK47,True,True,38,False,de_mirage,6.25636,A,8,8,15
False,2450,Unknown,False,False,0,False,True,4450,Smoke,False,True,63,False,False,1650,Unknown,False,False,0,False,True,2200,Deagle,True,True,48,False,True,2100,CZ,True,True,75,False,True,6650,AWP,True,True,100,False,5000,Unknown,False,False,0,True,5000,AK47,True,True,100,True,5000,AK47,True,True,73,True,3900,AK47,True,True,38,False,de_mirage,7.257377,A,8,8,15
False,2450,Unknown,False,False,0,False,True,4450,Knife,False,True,33,False,False,1650,Unknown,False,False,0,False,True,2200,Deagle,True,True,48,False,True,2100,CZ,True,True,75,False,True,6650,AWP,True,True,100,False,5000,Unknown,False,False,0,True,5000,AK47,True,True,100,True,5000,AK47,True,True,73,True,3900,AK47,True,True,38,False,de_mirage,8.258394,A,8,8,15
False,2450,Unknown,False,False,0,False,True,4450,M4A4,False,True,25,False,False,1650,Unknown,False,False,0,False,True,2200,Knife,True,True,48,False,True,2100,CZ,True,True,75,False,True,6650,AWP,True,True,100,False,5000,Unknown,False,False,0,True,5000,AK47,True,True,100,True,5000,AK47,True,True,73,True,3900,AK47,True,True,38,False,de_mirage,9.259412,A,8,8,15
False,2450,Unknown,False,False,0,False,True,4450,M4A4,False,True,25,False,False,1650,Unknown,False,False,0,False,True,2200,Knife,True,True,48,False,True,2100,CZ,True,True,75,False,True,6650,AWP,True,True,100,False,5000,Unknown,False,False,0,True,5000,AK47,True,True,100,True,5000,AK47,True,True,73,True,3900,AK47,True,True,38,False,de_mirage,10.26043,A,8,8,15
False,2450,Unknown,False,False,0,False,True,4450,Knife,False,True,25,False,False,1650,Unknown,False,False,0,False,True,2200,Knife,True,True,48,False,True,2100,CZ,True,True,75,False,True,6650,AWP,True,True,100,False,5000,Unknown,False,False,0,True,5000,AK47,True,True,100,True,5000,AK47,True,True,73,True,3900,AK47,True,True,38,False,de_mirage,11.26145,A,8,8,15
False,2450,Unknown,False,False,0,False,True,4450,Knife,False,True,25,False,False,1650,Unknown,False,False,0,False,True,2200,Knife,True,True,48,False,True,2100,CZ,True,True,75,False,True,6650,AWP,True,True,100,False,5000,Unknown,False,False,0,True,5000,AK47,True,True,100,True,5000,AK47,True,True,73,True,3900,AK47,True,True,38,False,de_mirage,12.26246,A,8,8,15
False,2450,Unknown,False,False,0,False,True,4450,Knife,False,True,25,False,False,1650,Unknown,False,False,0,False,True,2200,Knife,True,True,48,False,True,2100,CZ,True,True,75,False,True,6650,AWP,True,True,100,False,5000,Unknown,False,False,0,True,5000,AK47,True,True,100,True,5000,AK47,True,True,73,True,3900,AK47,True,True,38,False,de_mirage,13.26348,A,8,8,15
False,2450,Unknown,False,False,0,False,True,4450,M4A4,False,True,25,False,False,1650,Unknown,False,False,0,False,True,2200,Deagle,True,True,48,False,True,2100,CZ,True,True,75,False,True,6650,AWP,True,True,100,False,5000,Unknown,False,False,0,True,5000,AK47,True,True,100,True,5000,AK47,True,True,73,True,3900,AK47,True,True,38,False,de_mirage,14.2645,A,8,8,15
False,2450,Unknown,False,False,0,False,True,4450,M4A4,False,True,25,False,False,1650,Unknown,False,False,0,False,True,2200,Deagle,True,True,48,False,True,2100,CZ,True,True,75,False,True,6650,AWP,True,True,100,False,5000,Unknown,False,False,0,True,5000,AK47,True,True,100,True,5000,AK47,True,True,73,True,3900,AK47,True,True,38,False,de_mirage,15.26552,A,8,8,15
False,2450,Unknown,False,False,0,False,True,4450,M4A4,False,True,25,False,False,1650,Unknown,False,False,0,False,True,2200,Knife,True,True,48,False,True,2100,CZ,True,True,75,False,True,6650,AWP,True,True,100,False,5000,Unknown,False,False,0,True,5000,AK47,True,True,100,True,5000,AK47,True,True,73,True,3900,AK47,True,True,38,False,de_mirage,16.26653,A,8,8,15
False,2450,Unknown,False,False,0,False,True,4450,Knife,False,True,25,False,False,1650,Unknown,False,False,0,False,True,2200,Deagle,True,True,48,False,True,2100,CZ,True,True,75,False,True,6650,AWP,True,True,100,False,5000,Unknown,False,False,0,True,5000,Glock,True,True,100,True,5000,AK47,True,True,73,True,3900,AK47,True,True,38,False,de_mirage,17.26755,A,8,8,15
False,2450,Unknown,False,False,0,False,True,4450,Knife,False,True,25,False,False,1650,Unknown,False,False,0,False,True,2200,Deagle,True,True,48,False,True,2100,CZ,True,True,75,False,True,6650,AWP,True,True,100,False,5000,Unknown,False,False,0,True,5000,AK47,True,True,100,True,5000,AK47,True,True,73,True,3900,AK47,True,True,38,False,de_mirage,18.26857,A,8,8,15
False,2450,Unknown,False,False,0,False,True,4450,Knife,False,True,25,False,False,1650,Unknown,False,False,0,False,True,2200,Knife,True,True,48,False,True,2100,CZ,True,True,75,False,True,6650,AWP,True,True,100,False,5000,Unknown,False,False,0,True,5000,AK47,True,True,100,True,5000,AK47,True,True,73,True,3900,AK47,True,True,38,False,de_mirage,19.26959,A,8,8,15
False,2450,Unknown,False,False,0,False,True,4450,M4A4,False,True,25,False,False,1650,Unknown,False,False,0,False,True,2200,Deagle,True,True,48,False,True,2100,CZ,True,True,75,False,True,6650,AWP,True,True,100,False,5000,Unknown,False,False,0,True,5000,AK47,True,True,100,True,5000,AK47,True,True,73,True,3900,AK47,True,True,38,False,de_mirage,20.27061,A,8,8,15
False,2450,Unknown,False,False,0,False,True,4450,USP,False,True,25,False,False,1650,Unknown,False,False,0,False,True,2200,Knife,True,True,48,False,True,2100,CZ,True,True,75,False,True,6650,AWP,True,True,100,False,5000,Unknown,False,False,0,True,5000,AK47,True,True,100,True,5000,AK47,True,True,73,True,3900,AK47,True,True,38,False,de_mirage,21.27162,A,8,8,15
False,2450,Unknown,False,False,0,False,True,4450,M4A4,False,True,25,False,False,1650,Unknown,False,False,0,False,True,2200,Knife,True,True,48,False,True,2100,CZ,True,True,75,False,True,6650,AWP,True,True,100,False,5000,Unknown,False,False,0,True,5000,AK47,True,True,100,True,5000,AK47,True,True,73,True,3900,AK47,True,True,38,False,de_mirage,22.27264,A,8,8,15
False,2450,Unknown,False,False,0,False,True,4450,M4A4,False,True,25,False,False,1650,Unknown,False,False,0,False,True,2200,Knife,True,True,48,False,True,2100,CZ,True,True,75,False,True,6650,AWP,True,True,100,False,5000,Unknown,False,False,0,True,5000,AK47,True,True,100,True,5000,AK47,True,True,73,True,3900,AK47,True,True,38,False,de_mirage,23.27366,A,8,8,15
False,2450,Unknown,False,False,0,False,True,4450,M4A4,False,True,25,False,False,1650,Unknown,False,False,0,False,True,2200,Knife,True,True,48,False,True,2100,CZ,True,True,75,False,True,6650,AWP,True,True,100,False,5000,Unknown,False,False,0,True,5000,AK47,True,True,100,True,5000,AK47,True,True,73,True,3900,AK47,True,True,38,False,de_mirage,24.27468,A,8,8,15
False,2450,Unknown,False,False,0,False,True,4450,M4A4,False,True,25,False,False,1650,Unknown,False,False,0,False,True,2200,Knife,True,True,48,False,True,2100,CZ,True,True,75,False,True,6650,AWP,True,True,100,False,5000,Unknown,False,False,0,True,5000,AK47,True,True,100,True,5000,AK47,True,True,73,True,3900,AK47,True,True,38,False,de_mirage,25.27569,A,8,8,15
False,2450,Unknown,False,False,0,False,True,4450,M4A4,False,True,25,False,False,1650,Unknown,False,False,0,False,True,2200,Deagle,True,True,48,False,True,2100,CZ,True,True,75,False,True,6650,AWP,True,True,100,False,5000,Unknown,False,False,0,True,5000,AK47,True,True,100,True,5000,AK47,True,True,73,True,3900,AK47,True,True,38,False,de_mirage,26.27671,A,8,8,15
False,2450,Unknown,False,False,0,False,True,4450,M4A4,False,True,25,False,False,1650,Unknown,False,False,0,False,True,2200,Deagle,True,True,48,False,True,2100,CZ,True,True,75,False,True,6650,AWP,True,True,100,False,5000,Unknown,False,False,0,True,5000,AK47,True,True,100,True,5000,AK47,True,True,73,True,3900,AK47,True,True,38,False,de_mirage,27.27773,A,8,8,15
False,2450,Unknown,False,False,0,False,True,4450,M4A4,False,True,25,False,False,1650,Unknown,False,False,0,False,True,2200,Deagle,True,True,48,False,True,2100,CZ,True,True,75,False,True,6650,Glock,True,True,100,False,5000,Unknown,False,False,0,True,5000,AK47,True,True,100,True,5000,AK47,True,True,73,True,3900,AK47,True,True,38,False,de_mirage,28.27875,A,8,8,15
False,2450,Unknown,False,False,0,False,True,4450,M4A4,False,True,25,False,False,1650,Unknown,False,False,0,False,True,2200,Deagle,True,True,48,False,True,2100,CZ,True,True,75,False,True,6650,Glock,True,True,100,False,5000,Unknown,False,False,0,True,5000,AK47,True,True,100,True,5000,AK47,True,True,73,True,3900,Knife,True,True,38,False,de_mirage,29.27976,A,8,8,15
False,2450,Unknown,False,False,0,False,True,4450,M4A4,False,True,25,False,False,1650,Unknown,False,False,0,False,True,2200,Deagle,True,True,48,False,True,2100,CZ,True,True,75,False,True,6650,Glock,True,True,100,False,5000,Unknown,False,False,0,True,5000,AK47,True,True,100,True,5000,AK47,True,True,73,True,3900,AK47,True,True,38,False,de_mirage,30.28078,A,8,8,15
False,2450,Unknown,False,False,0,False,True,4450,M4A4,False,True,25,False,False,1650,Unknown,False,False,0,False,True,2200,Deagle,True,True,48,False,True,2100,CZ,True,True,75,False,True,6650,Glock,True,True,100,False,5000,Unknown,False,False,0,True,5000,AK47,True,True,100,True,5000,AK47,True,True,73,True,3900,AK47,True,True,38,False,de_mirage,31.2818,A,8,8,15
False,2450,Unknown,False,False,0,False,True,4450,M4A4,False,True,25,False,False,1650,Unknown,False,False,0,False,True,2200,Deagle,True,True,48,False,True,2100,CZ,True,True,75,False,True,6650,Knife,True,True,100,False,5000,Unknown,False,False,0,True,5000,AK47,True,True,100,True,5000,AK47,True,True,73,True,3900,AK47,True,True,38,False,de_mirage,32.28281,A,8,8,15
False,2450,Unknown,False,False,0,False,True,4450,M4A4,False,True,25,False,False,1650,Unknown,False,False,0,False,True,2200,Deagle,True,True,48,False,True,2100,CZ,True,True,75,False,True,6650,Knife,True,True,100,False,5000,Unknown,False,False,0,True,5000,AK47,True,True,100,True,5000,AK47,True,True,73,True,3900,AK47,True,True,38,False,de_mirage,33.28383,A,8,8,15
False,2450,Unknown,False,False,0,False,True,4450,M4A4,False,True,25,False,False,1650,Unknown,False,False,0,False,True,2200,Deagle,True,True,48,False,True,2100,CZ,True,True,75,False,True,6650,Knife,True,True,100,False,5000,Unknown,False,False,0,True,5000,AK47,True,True,100,True,5000,AK47,True,True,73,True,3900,AK47,True,True,38,False,de_mirage,34.28485,A,8,8,15
False,2450,Unknown,False,False,0,False,True,4450,M4A4,False,True,25,False,False,1650,Unknown,False,False,0,False,True,2200,Deagle,True,True,48,False,True,2100,CZ,True,True,75,False,True,6650,Knife,True,True,100,False,5000,Unknown,False,False,0,True,5000,AK47,True,True,100,True,5000,AK47,True,True,73,True,3900,AK47,True,True,38,False,de_mirage,35.28587,A,8,8,15
False,2450,Unknown,False,False,0,False,True,4450,M4A4,False,True,25,False,False,1650,Unknown,False,False,0,False,True,2200,Deagle,True,True,48,False,True,2100,CZ,True,True,75,False,True,6650,Glock,True,True,100,False,5000,Unknown,False,False,0,True,5000,AK47,True,True,100,True,5000,AK47,True,True,73,True,3900,AK47,True,True,38,False,de_mirage,36.28688,A,8,8,15
False,2450,Unknown,False,False,0,False,True,4450,M4A4,False,True,25,False,False,1650,Unknown,False,False,0,False,True,2200,Deagle,True,True,48,False,True,2100,CZ,True,True,75,False,True,6250,Knife,True,True,100,False,5000,Unknown,False,False,0,True,5000,AK47,True,True,100,True,5000,AK47,True,True,73,True,3900,AK47,True,True,38,False,de_mirage,37.2879,A,8,8,15
False,2450,Unknown,False,False,0,False,True,4450,M4A4,False,True,25,False,False,1650,Unknown,False,False,0,False,True,2200,Deagle,True,True,48,False,True,2100,CZ,True,True,75,False,True,6250,CZ,True,True,100,False,5000,Unknown,False,False,0,True,5000,AK47,True,True,100,True,5000,AK47,True,True,73,True,3900,AK47,True,True,38,False,de_mirage,38.28892,A,8,8,15
False,2450,Unknown,False,False,0,False,True,4450,M4A4,False,True,25,False,False,1650,Unknown,False,False,0,False,True,2200,Deagle,True,True,48,False,True,2100,CZ,True,True,75,False,True,6250,CZ,True,True,100,False,5000,Unknown,False,False,0,True,5000,AK47,True,True,100,True,5000,Glock,True,True,73,True,3900,AK47,True,True,38,False,de_mirage,39.28994,A,8,8,15
False,2450,Unknown,False,False,0,False,True,4450,M4A4,False,True,25,False,False,1650,Unknown,False,False,0,False,True,2200,Deagle,True,True,48,False,True,2100,CZ,True,True,75,False,True,6250,CZ,True,True,100,False,5000,Unknown,False,False,0,True,5000,AK47,True,True,100,True,3900,USP,True,True,73,True,3900,AK47,True,True,38,False,de_mirage,40.29095,A,8,8,15
False,6000,Unknown,False,False,0,False,False,7850,Unknown,False,False,0,False,True,5700,Incendiary,True,True,100,True,False,6400,Unknown,False,False,0,False,True,6000,CZ,True,True,100,True,True,5950,AWP,True,True,100,False,4100,Unknown,False,False,0,False,5000,Unknown,False,False,0,False,4100,Unknown,False,False,0,False,4400,Unknown,False,False,0,True,de_mirage,0.1876908,B,12,12,15
False,6000,Unknown,False,False,0,False,False,7850,Unknown,False,False,0,False,True,5700,M4A4,True,True,100,True,False,6400,Unknown,False,False,0,False,True,6000,CZ,True,True,100,True,True,5950,AWP,True,True,100,False,4100,Unknown,False,False,0,False,5000,Unknown,False,False,0,False,4100,Unknown,False,False,0,False,4400,Unknown,False,False,0,True,de_mirage,1.188708,B,12,12,15
False,6000,Unknown,False,False,0,False,False,7850,Unknown,False,False,0,False,True,5700,Knife,True,True,100,True,False,6400,Unknown,False,False,0,False,True,6000,CZ,True,True,100,True,True,5950,AWP,True,True,100,False,4100,Unknown,False,False,0,False,5000,Unknown,False,False,0,False,4100,Unknown,False,False,0,False,4400,Unknown,False,False,0,True,de_mirage,2.189726,B,12,12,15
False,6000,Unknown,False,False,0,False,False,7850,Unknown,False,False,0,False,True,5700,M4A4,True,True,100,True,False,6400,Unknown,False,False,0,False,True,6000,CZ,True,True,100,True,True,5950,AWP,True,True,97,False,4100,Unknown,False,False,0,False,5000,Unknown,False,False,0,False,4100,Unknown,False,False,0,False,4400,Unknown,False,False,0,True,de_mirage,3.190743,B,12,12,15
False,6000,Unknown,False,False,0,False,False,7850,Unknown,False,False,0,False,True,5700,M4A4,True,True,100,True,False,6400,Unknown,False,False,0,False,True,6000,CZ,True,True,100,True,True,5950,AWP,True,True,97,False,4100,Unknown,False,False,0,False,5000,Unknown,False,False,0,False,4100,Unknown,False,False,0,False,4400,Unknown,False,False,0,True,de_mirage,4.191761,B,12,12,15
False,6000,Unknown,False,False,0,False,False,7850,Unknown,False,False,0,False,True,5700,M4A4,True,True,100,True,False,6400,Unknown,False,False,0,False,True,6000,CZ,True,True,100,True,True,5950,AWP,True,True,97,False,4100,Unknown,False,False,0,False,5000,Unknown,False,False,0,False,4100,Unknown,False,False,0,False,4400,Unknown,False,False,0,True,de_mirage,5.192779,B,12,12,15
False,6000,Unknown,False,False,0,False,False,7850,Unknown,False,False,0,False,True,5700,M4A4,True,True,100,True,False,6400,Unknown,False,False,0,False,True,6000,CZ,True,True,100,True,True,5950,AWP,True,True,40,False,4100,Unknown,False,False,0,False,5000,Unknown,False,False,0,False,4100,Unknown,False,False,0,False,4400,Unknown,False,False,0,True,de_mirage,6.193796,B,12,12,15
False,6000,Unknown,False,False,0,False,False,7850,Unknown,False,False,0,False,True,5700,Knife,True,True,100,True,False,6400,Unknown,False,False,0,False,True,6000,CZ,True,True,100,True,False,5950,Unknown,False,False,0,False,4100,Unknown,False,False,0,False,5000,Unknown,False,False,0,False,4100,Unknown,False,False,0,False,4400,Unknown,False,False,0,True,de_mirage,7.194814,B,12,12,15
False,6000,Unknown,False,False,0,False,False,7850,Unknown,False,False,0,False,True,5700,Knife,True,True,100,True,False,6400,Unknown,False,False,0,False,True,6000,Knife,True,True,100,True,False,5950,Unknown,False,False,0,False,4100,Unknown,False,False,0,False,5000,Unknown,False,False,0,False,4100,Unknown,False,False,0,False,4400,Unknown,False,False,0,True,de_mirage,8.195831,B,12,12,15
False,6000,Unknown,False,False,0,False,False,7850,Unknown,False,False,0,False,True,5700,Knife,True,True,100,True,False,6400,Unknown,False,False,0,False,True,6000,Knife,True,True,100,True,False,5950,Unknown,False,False,0,False,4100,Unknown,False,False,0,False,5000,Unknown,False,False,0,False,4100,Unknown,False,False,0,False,4400,Unknown,False,False,0,True,de_mirage,9.196849,B,12,12,15
False,6000,Unknown,False,False,0,False,False,7850,Unknown,False,False,0,False,True,4500,Knife,True,True,100,True,False,6400,Unknown,False,False,0,False,True,6000,Knife,True,True,100,True,False,5950,Unknown,False,False,0,False,4100,Unknown,False,False,0,False,5000,Unknown,False,False,0,False,4100,Unknown,False,False,0,False,4400,Unknown,False,False,0,True,de_mirage,10.19787,B,12,12,15
False,6000,Unknown,False,False,0,False,False,7850,Unknown,False,False,0,False,True,6550,AWP,True,True,100,True,False,6400,Unknown,False,False,0,False,True,6000,Knife,True,True,100,True,False,5950,Unknown,False,False,0,False,4100,Unknown,False,False,0,False,5000,Unknown,False,False,0,False,4100,Unknown,False,False,0,False,4400,Unknown,False,False,0,True,de_mirage,11.19888,B,12,12,15
False,6000,Unknown,False,False,0,False,False,7850,Unknown,False,False,0,False,True,6550,Knife,True,True,100,True,False,6400,Unknown,False,False,0,False,True,6000,Knife,True,True,100,True,False,5950,Unknown,False,False,0,False,4100,Unknown,False,False,0,False,5000,Unknown,False,False,0,False,4100,Unknown,False,False,0,False,4400,Unknown,False,False,0,True,de_mirage,12.1999,B,12,12,15
False,6000,Unknown,False,False,0,False,False,7850,Unknown,False,False,0,False,True,6550,Knife,True,True,100,True,False,6400,Unknown,False,False,0,False,True,6000,Knife,True,True,100,True,False,5950,Unknown,False,False,0,False,4100,Unknown,False,False,0,False,5000,Unknown,False,False,0,False,4100,Unknown,False,False,0,False,4400,Unknown,False,False,0,True,de_mirage,13.20092,B,12,12,15
False,6000,Unknown,False,False,0,False,False,7850,Unknown,False,False,0,False,True,6550,Knife,True,True,100,True,False,6400,Unknown,False,False,0,False,True,6000,Knife,True,True,100,True,False,5950,Unknown,False,False,0,False,4100,Unknown,False,False,0,False,5000,Unknown,False,False,0,False,4100,Unknown,False,False,0,False,4400,Unknown,False,False,0,True,de_mirage,14.20194,B,12,12,15
False,6000,Unknown,False,False,0,False,False,7850,Unknown,False,False,0,False,True,6550,Knife,True,True,100,True,False,6400,Unknown,False,False,0,False,True,6000,Knife,True,True,100,True,False,5950,Unknown,False,False,0,False,4100,Unknown,False,False,0,False,5000,Unknown,False,False,0,False,4100,Unknown,False,False,0,False,4400,Unknown,False,False,0,True,de_mirage,15.20295,B,12,12,15
True,5000,Smoke,True,True,100,False,True,6100,M4A4,True,True,100,True,True,6100,AWP,False,True,100,False,False,2650,Unknown,False,False,0,False,True,5700,AK47,True,True,100,True,True,4400,Smoke,True,True,100,True,5000,AK47,True,True,100,True,4200,AK47,True,True,100,False,5000,Unknown,False,False,0,True,5000,AK47,True,True,100,False,de_mirage,0.8602495,B,24,9,15
True,5000,Smoke,True,True,100,False,True,6100,M4A4,True,True,100,True,True,6100,AWP,False,True,100,False,False,2650,Unknown,False,False,0,False,True,5700,AK47,True,True,100,True,True,4400,AK47,True,True,100,True,5000,AK47,True,True,100,True,4200,AK47,True,True,100,False,5000,Unknown,False,False,0,True,5000,AK47,True,True,100,False,de_mirage,1.861267,B,24,9,15
True,5000,Smoke,True,True,100,False,True,6100,Knife,True,True,100,True,True,6100,AWP,False,True,100,False,False,2650,Unknown,False,False,0,False,True,5700,AK47,True,True,100,True,True,4400,AK47,True,True,100,True,5000,AK47,True,True,100,True,4200,AK47,True,True,100,False,5000,Unknown,False,False,0,True,5000,AK47,True,True,100,False,de_mirage,2.862284,B,24,9,15
True,5000,Flash,True,True,100,False,True,6100,M4A4,True,True,100,True,True,6100,AWP,False,True,100,False,False,2650,Unknown,False,False,0,False,True,5700,AK47,True,True,100,True,True,4400,AK47,True,True,100,True,5000,AK47,True,True,100,True,4200,AK47,True,True,100,False,5000,Unknown,False,False,0,True,5000,AK47,True,True,100,False,de_mirage,3.863302,B,24,9,15
True,5000,M4A4,True,True,100,False,True,6100,M4A4,True,True,100,True,True,6100,AWP,False,True,100,False,False,2650,Unknown,False,False,0,False,True,5700,AK47,True,True,100,True,True,4400,AK47,True,True,100,True,5000,AK47,True,True,100,True,4200,AK47,True,True,100,False,5000,Unknown,False,False,0,True,5000,AK47,True,True,100,False,de_mirage,4.86432,B,24,9,15
True,5000,M4A4,True,True,100,False,True,6100,M4A4,True,True,100,True,True,6100,AWP,False,True,100,False,False,2650,Unknown,False,False,0,False,True,5700,AK47,True,True,100,True,True,4400,AK47,True,True,100,True,5000,AK47,True,True,100,True,4200,AK47,True,True,100,False,5000,Unknown,False,False,0,True,5000,AK47,True,True,100,False,de_mirage,5.865337,B,24,9,15
True,5000,M4A4,True,True,100,False,True,6100,M4A4,True,True,100,True,True,6100,AWP,False,True,100,False,False,2650,Unknown,False,False,0,False,True,5700,AK47,True,True,100,True,True,4400,AK47,True,True,100,True,5000,AK47,True,True,100,True,4200,AK47,True,True,100,False,5000,Unknown,False,False,0,True,5000,AK47,True,True,100,False,de_mirage,6.866354,B,24,9,15
True,5000,M4A4,True,True,100,False,True,6100,M4A4,True,True,100,True,True,6100,AWP,False,True,100,False,False,2650,Unknown,False,False,0,False,True,5700,AK47,True,True,100,True,True,4400,AK47,True,True,100,True,5000,AK47,True,True,100,True,4200,AK47,True,True,100,False,5000,Unknown,False,False,0,True,5000,AK47,True,True,100,False,de_mirage,7.867372,B,24,9,15
True,5000,Flash,True,True,100,False,True,6100,M4A4,True,True,100,True,True,6100,AWP,False,True,100,False,False,2650,Unknown,False,False,0,False,True,5700,AK47,True,True,100,True,True,4400,AK47,True,True,100,True,5000,AK47,True,True,100,True,4200,AK47,True,True,100,False,5000,Unknown,False,False,0,True,5000,AK47,True,True,100,False,de_mirage,8.86839,B,24,9,15
True,5000,M4A4,True,True,100,False,True,6100,M4A4,True,True,100,True,True,6100,AWP,False,True,100,False,False,2650,Unknown,False,False,0,False,True,5700,AK47,True,True,100,True,True,4400,AK47,True,True,100,True,5000,AK47,True,True,100,True,4200,AK47,True,True,100,False,5000,Unknown,False,False,0,True,5000,AK47,True,True,100,False,de_mirage,9.869408,B,24,9,15
True,5000,M4A4,True,True,100,False,True,6100,M4A4,True,True,100,True,True,6100,AWP,False,True,100,False,False,2650,Unknown,False,False,0,False,True,5700,AK47,True,True,100,True,True,4400,AK47,True,True,100,True,5000,AK47,True,True,100,True,4200,AK47,True,True,100,False,5000,Unknown,False,False,0,True,5000,AK47,True,True,100,False,de_mirage,10.87043,B,24,9,15
True,5000,M4A4,True,True,100,False,True,6100,M4A4,True,True,100,True,True,6100,AWP,False,True,100,False,False,2650,Unknown,False,False,0,False,True,5700,AK47,True,True,100,True,True,4400,AK47,True,True,100,True,5000,AK47,True,True,100,True,4200,AK47,True,True,100,False,5000,Unknown,False,False,0,True,5000,AK47,True,True,100,False,de_mirage,11.87144,B,24,9,15
True,5000,M4A4,True,True,8,False,True,6100,M4A4,True,True,100,True,True,6100,AWP,False,True,100,False,False,2650,Unknown,False,False,0,False,True,5700,AK47,True,True,100,True,False,4400,Unknown,False,False,0,True,5000,AK47,True,True,100,True,4200,AK47,True,True,100,False,5000,Unknown,False,False,0,True,5000,AK47,True,True,100,False,de_mirage,12.87246,B,24,9,15
True,5000,M4A4,True,True,8,False,True,6100,M4A4,True,True,100,True,True,6100,AWP,False,True,100,False,False,2650,Unknown,False,False,0,False,True,5700,AK47,True,True,100,True,False,4400,Unknown,False,False,0,True,5000,AK47,True,True,100,True,4200,AK47,True,True,100,False,5000,Unknown,False,False,0,True,5000,AK47,True,True,100,False,de_mirage,13.87348,B,24,9,15
True,5000,M4A4,True,True,8,False,True,6100,M4A4,True,True,100,True,True,6100,AWP,False,True,100,False,False,2650,Unknown,False,False,0,False,True,5700,AK47,True,True,100,True,False,4400,Unknown,False,False,0,True,5000,Knife,True,True,100,True,4200,AK47,True,True,100,False,5000,Unknown,False,False,0,True,5000,AK47,True,True,100,False,de_mirage,14.87449,B,24,9,15
False,5000,Unknown,False,False,0,False,True,6100,M4A4,True,True,100,True,True,6100,AWP,False,True,100,False,False,2650,Unknown,False,False,0,False,True,5700,AK47,True,True,100,True,False,4400,Unknown,False,False,0,True,5000,AK47,True,True,100,True,4200,AK47,True,True,100,False,5000,Unknown,False,False,0,True,5000,AK47,True,True,25,False,de_mirage,15.87551,B,24,9,15
False,5000,Unknown,False,False,0,False,True,6100,M4A4,True,True,100,True,True,6100,AWP,False,True,100,False,False,2650,Unknown,False,False,0,False,True,5700,AK47,True,True,100,True,False,4400,Unknown,False,False,0,True,5000,AK47,True,True,100,True,4200,AK47,True,True,100,False,5000,Unknown,False,False,0,True,5000,AK47,True,True,25,False,de_mirage,16.87653,B,24,9,15
False,5000,Unknown,False,False,0,False,True,6100,M4A4,True,True,100,True,True,6100,AWP,False,True,100,False,False,2650,Unknown,False,False,0,False,True,5700,AK47,True,True,100,True,False,4400,Unknown,False,False,0,True,5000,AK47,True,True,100,True,4200,AK47,True,True,100,False,5000,Unknown,False,False,0,True,5000,AK47,True,True,25,False,de_mirage,17.87755,B,24,9,15
False,5000,Unknown,False,False,0,False,True,6100,M4A4,True,True,100,True,True,6100,AWP,False,True,100,False,False,2650,Unknown,False,False,0,False,True,5700,AK47,True,True,73,True,False,4400,Unknown,False,False,0,True,5000,AK47,True,True,100,True,4200,AK47,True,True,100,False,5000,Unknown,False,False,0,True,5000,AK47,True,True,25,False,de_mirage,18.87856,B,24,9,15
False,5000,Unknown,False,False,0,False,True,6100,M4A4,True,True,100,True,True,6100,AWP,False,True,100,False,False,2650,Unknown,False,False,0,False,True,5700,AK47,True,True,73,True,False,4400,Unknown,False,False,0,True,5000,AK47,True,True,100,True,4200,AK47,True,True,100,False,5000,Unknown,False,False,0,False,5000,Unknown,False,False,0,False,de_mirage,19.87958,B,24,9,15
False,5000,Unknown,False,False,0,False,True,6100,M4A4,True,True,100,True,True,6100,AWP,False,True,100,False,False,2650,Unknown,False,False,0,False,False,5700,Unknown,False,False,0,False,False,4400,Unknown,False,False,0,False,5000,Unknown,False,False,0,True,4200,AK47,True,True,100,False,5000,Unknown,False,False,0,False,5000,Unknown,False,False,0,False,de_mirage,20.8806,B,24,9,15
False,5000,Unknown,False,False,0,False,True,6100,M4A4,True,True,100,True,True,6100,AWP,False,True,100,False,False,2650,Unknown,False,False,0,False,False,5700,Unknown,False,False,0,False,False,4400,Unknown,False,False,0,False,5000,Unknown,False,False,0,True,4200,AK47,True,True,100,False,5000,Unknown,False,False,0,False,5000,Unknown,False,False,0,False,de_mirage,21.88162,B,24,9,15
False,5000,Unknown,False,False,0,False,True,6100,M4A4,True,True,100,True,True,6100,AWP,False,True,100,False,False,2650,Unknown,False,False,0,False,False,5700,Unknown,False,False,0,False,False,4400,Unknown,False,False,0,False,5000,Unknown,False,False,0,True,4200,AK47,True,True,100,False,5000,Unknown,False,False,0,False,5000,Unknown,False,False,0,False,de_mirage,22.88264,B,24,9,15
False,5000,Unknown,False,False,0,False,True,6100,M4A4,True,True,100,True,False,6100,Unknown,False,False,0,False,False,2650,Unknown,False,False,0,False,False,5700,Unknown,False,False,0,False,False,4400,Unknown,False,False,0,False,5000,Unknown,False,False,0,True,4200,AK47,True,True,100,False,5000,Unknown,False,False,0,False,5000,Unknown,False,False,0,False,de_mirage,23.88365,B,24,9,15
False,5000,Unknown,False,False,0,False,True,6100,HE,True,True,100,True,False,6100,Unknown,False,False,0,False,False,2650,Unknown,False,False,0,False,False,5700,Unknown,False,False,0,False,False,4400,Unknown,False,False,0,False,5000,Unknown,False,False,0,True,4200,AK47,True,True,100,False,5000,Unknown,False,False,0,False,5000,Unknown,False,False,0,False,de_mirage,24.88467,B,24,9,15
False,5000,Unknown,False,False,0,False,True,6100,HE,True,True,100,True,False,6100,Unknown,False,False,0,False,False,2650,Unknown,False,False,0,False,False,5700,Unknown,False,False,0,False,False,4400,Unknown,False,False,0,False,5000,Unknown,False,False,0,True,4200,AK47,True,True,100,False,5000,Unknown,False,False,0,False,5000,Unknown,False,False,0,False,de_mirage,25.88569,B,24,9,15
False,5000,Unknown,False,False,0,False,True,6100,M4A4,True,True,100,True,False,6100,Unknown,False,False,0,False,False,2650,Unknown,False,False,0,False,False,5700,Unknown,False,False,0,False,False,4400,Unknown,False,False,0,False,5000,Unknown,False,False,0,True,4200,AK47,True,True,100,False,5000,Unknown,False,False,0,False,5000,Unknown,False,False,0,False,de_mirage,26.88671,B,24,9,15
False,5000,Unknown,False,False,0,False,True,6100,M4A4,True,True,100,True,False,6100,Unknown,False,False,0,False,False,2650,Unknown,False,False,0,False,False,5700,Unknown,False,False,0,False,False,4400,Unknown,False,False,0,False,5000,Unknown,False,False,0,True,4200,AK47,True,True,100,False,5000,Unknown,False,False,0,False,5000,Unknown,False,False,0,False,de_mirage,27.88772,B,24,9,15
False,5000,Unknown,False,False,0,False,True,6100,M4A4,True,True,100,True,False,6100,Unknown,False,False,0,False,False,2650,Unknown,False,False,0,False,False,5700,Unknown,False,False,0,False,False,4400,Unknown,False,False,0,False,5000,Unknown,False,False,0,True,4200,AK47,True,True,100,False,5000,Unknown,False,False,0,False,5000,Unknown,False,False,0,False,de_mirage,28.88874,B,24,9,15
True,2000,Deagle,True,True,11,False,False,2200,Unknown,False,False,0,False,False,1350,Unknown,False,False,0,False,True,4200,AK47,True,True,100,False,False,2200,Unknown,False,False,0,False,True,3750,AK47,False,True,77,True,5000,Flash,True,True,100,True,7150,AWP,True,True,100,True,2800,Deagle,True,True,100,False,4200,Unknown,False,False,0,False,de_mirage,0.6569178,A,25,10,15
True,2000,Deagle,True,True,11,False,False,2200,Unknown,False,False,0,False,False,1350,Unknown,False,False,0,False,True,4200,AK47,True,True,100,False,False,2200,Unknown,False,False,0,False,True,3750,AK47,False,True,77,True,5000,AK47,True,True,100,True,7150,AWP,True,True,100,True,2800,Deagle,True,True,100,False,4200,Unknown,False,False,0,False,de_mirage,1.657935,A,25,10,15
True,2000,Deagle,True,True,11,False,False,2200,Unknown,False,False,0,False,False,1350,Unknown,False,False,0,False,True,4200,AK47,True,True,100,False,False,2200,Unknown,False,False,0,False,True,3750,AK47,False,True,77,True,5000,AK47,True,True,100,True,7150,AWP,True,True,100,True,2800,Deagle,True,True,100,False,4200,Unknown,False,False,0,False,de_mirage,2.658953,A,25,10,15
True,2000,Deagle,True,True,11,False,False,2200,Unknown,False,False,0,False,False,1350,Unknown,False,False,0,False,True,4200,AK47,True,True,100,False,False,2200,Unknown,False,False,0,False,True,3750,AK47,False,True,77,True,5000,AK47,True,True,100,True,7150,AWP,True,True,100,True,2800,Deagle,True,True,100,False,4200,Unknown,False,False,0,False,de_mirage,3.65997,A,25,10,15
True,2000,Deagle,True,True,11,False,False,2200,Unknown,False,False,0,False,False,1350,Unknown,False,False,0,False,True,4200,AK47,True,True,100,False,False,2200,Unknown,False,False,0,False,True,3750,AK47,False,True,77,True,5000,AK47,True,True,100,True,7150,AWP,True,True,100,False,2800,Unknown,False,False,0,False,4200,Unknown,False,False,0,False,de_mirage,4.660988,A,25,10,15
True,2000,Deagle,True,True,11,False,False,2200,Unknown,False,False,0,False,False,1350,Unknown,False,False,0,False,True,4200,AK47,True,True,100,False,False,2200,Unknown,False,False,0,False,True,3750,AK47,False,True,77,True,5000,AK47,True,True,100,True,7150,AWP,True,True,100,False,2800,Unknown,False,False,0,False,4200,Unknown,False,False,0,False,de_mirage,5.662005,A,25,10,15
True,2000,Deagle,True,True,11,False,False,2200,Unknown,False,False,0,False,False,1350,Unknown,False,False,0,False,True,4200,AK47,True,True,100,False,False,2200,Unknown,False,False,0,False,True,3750,AK47,False,True,77,True,5000,AK47,True,True,100,True,7150,AWP,True,True,100,False,2800,Unknown,False,False,0,False,4200,Unknown,False,False,0,False,de_mirage,6.663023,A,25,10,15
True,2000,Deagle,True,True,11,False,False,2200,Unknown,False,False,0,False,False,1350,Unknown,False,False,0,False,True,4200,AK47,True,True,100,False,False,2200,Unknown,False,False,0,False,True,3750,AK47,False,True,77,True,5000,AK47,True,True,100,True,7150,AWP,True,True,100,False,2800,Unknown,False,False,0,False,4200,Unknown,False,False,0,False,de_mirage,7.664041,A,25,10,15
True,2000,Deagle,True,True,11,False,False,2200,Unknown,False,False,0,False,False,1350,Unknown,False,False,0,False,True,4200,AK47,True,True,100,False,False,2200,Unknown,False,False,0,False,True,3750,AK47,False,True,77,True,5000,AK47,True,True,100,True,7150,AWP,True,True,100,False,2800,Unknown,False,False,0,False,4200,Unknown,False,False,0,False,de_mirage,8.665058,A,25,10,15
True,2000,Deagle,True,True,11,False,False,2200,Unknown,False,False,0,False,False,1350,Unknown,False,False,0,False,True,4200,AK47,True,True,100,False,False,2200,Unknown,False,False,0,False,True,3750,AK47,False,True,77,True,5000,AK47,True,True,100,True,7150,AWP,True,True,100,False,2800,Unknown,False,False,0,False,4200,Unknown,False,False,0,False,de_mirage,9.666076,A,25,10,15
True,2000,Deagle,True,True,11,False,False,2200,Unknown,False,False,0,False,False,1350,Unknown,False,False,0,False,True,4200,AK47,True,True,100,False,False,2200,Unknown,False,False,0,False,True,3750,AK47,False,True,77,True,5000,AK47,True,True,100,True,7150,AWP,True,True,100,False,2800,Unknown,False,False,0,False,4200,Unknown,False,False,0,False,de_mirage,10.66709,A,25,10,15
True,2000,Deagle,True,True,11,False,False,2200,Unknown,False,False,0,False,False,1350,Unknown,False,False,0,False,True,4200,AK47,True,True,100,False,False,2200,Unknown,False,False,0,False,True,3750,AK47,False,True,77,True,5000,AK47,True,True,100,True,7150,AWP,True,True,100,False,2800,Unknown,False,False,0,False,4200,Unknown,False,False,0,False,de_mirage,11.66811,A,25,10,15
False,2000,Unknown,False,False,0,False,False,2200,Unknown,False,False,0,False,False,1350,Unknown,False,False,0,False,True,4200,AK47,True,True,100,False,False,2200,Unknown,False,False,0,False,True,3750,AK47,False,True,77,True,5000,AK47,True,True,58,True,7150,AWP,True,True,100,False,2800,Unknown,False,False,0,False,4200,Unknown,False,False,0,False,de_mirage,12.66913,A,25,10,15
